Lieu,Quartier,Catégorie,Lien
Cinéma des Beaux-Arts,Monte-Carlo,Cinéma,https://www.cinemas2monaco.com
Salle Garnier · Opéra de Monaco (concerts),Monte-Carlo,Musique / Concerts,https://opmc.mc/en/concert/
Salle Garnier · Opéra de Monaco (saison),Monte-Carlo,Opéra,https://opmc.mc/en/season-25-26/
Salle Gaston Médecin · AS Monaco Basket,Monaco,Sport,https://billetterie.asmonaco.basketball/fr
La Note Bleue · Plage du Larvotto,Larvotto,Jazz / Musique,https://lanotebleue.mc/en/
Église du Sacré-Cœur,Monaco,Culture,https://www.mairie.mc/agenda
Circuit de Monaco · Formule E,Monte-Carlo,Sport,https://www.fiaformulae.com/
Cercle Bouliste · Monaco,Monaco,Sport,https://www.mairie.mc/agenda
Stade Louis II · AS Monaco FC,Fontvieille,Football,https://www.asmonaco.com/fr/billetterie/
Médiathèque Caroline,Monaco,Conférence,https://www.philomonaco.com
Cour d'honneur · Palais Princier,Monaco-Ville,Concerts,https://opmc.mc/en/concert/
La Rascasse · Virage Rascasse,Monte-Carlo,Bar / Soirée,https://www.montecarlosbm.com/en/bar-nightclub-monaco/la-rascasse
Circuit de Monaco · Grand Prix F1,Monte-Carlo,Sport,https://monaco-grandprix.com/edition/formula-1-grand-prix-de-monaco-2026/
Grimaldi Forum,Monte-Carlo,Culture / Gala,https://www.grimaldiforum.com/
Place du Palais & en ville,Monaco-Ville,Culture,https://www.mairie.mc/agenda
Jimmy'z Monte-Carlo,Monte-Carlo,Soirée,https://www.montecarlosbm.com/en/nightlife/jimmyz-monte-carlo
Port Hercule · Feux d'Artifice,Monte-Carlo,Spectacle,https://www.mairie.mc/agenda
Cathédrale Saint-Nicolas,Monaco-Ville,Culture / Concert,https://culture.mc/en/what-s-on
Stade Louis II · Herculis Diamond League,Fontvieille,Sport,https://monaco.diamondleague.com/en/tickets-hospitality/
Port Hercule · Monaco Yacht Show,Monte-Carlo,Salon,https://www.monacoyachtshow.com/en/mys-official-ticketing
Larvotto · Ironman Monaco,Larvotto,Sport,https://www.ironman.com/
Place du Palais · Monaco Run,Monaco-Ville,Sport,https://www.monacorun.com/
Salle des Étoiles · Sporting Monte-Carlo,Monte-Carlo,Gala,https://www.croix-rouge.mc/
Place du Casino · Marché de Noël,Monte-Carlo,Marché,https://www.mairie.mc/agenda
Casino de Monte-Carlo,Monte-Carlo,Soirée,https://www.montecarlosbm.com/en/casino-monaco
